{
    "results": [

 {
            "title": "The Matrix",
            "year": 1999,
            "runningTime": "2h 16m",
            "genre": ["Action", "Sci-Fi"],
            "img": "https://raw.githubusercontent.com/mrspecht/media/main/img/the-matrix.jpg"
          },
          {
            "title": "JFK",
            "year": 1991,
            "runningTime": "3h 26m",
            "genre": ["Drama", "History", "Thriller"],
            "img": "https://raw.githubusercontent.com/mrspecht/media/main/img/jfk.jpg"
          },
      {
        "title": "Jurassic Park",
        "year": 1993,
        "runningTime": "2h 7m",
        "genre": ["Adventure", "Action", "Sci-Fi"],
        "img": "https://raw.githubusercontent.com/mrspecht/media/main/img/jurassic-park.jpg"
      },
      {
        "title": "Eternals",
        "year": 2021,
        "runningTime": "2h 37m",
        "genre": ["Action", "Adventure", "Fantasy"],
        "img": "https://raw.githubusercontent.com/mrspecht/media/main/img/eternals.jpg"
      },
     
      {
        "title": "The Lord of the Rings: The Fellowship of the Ring",
        "year": 2001,
        "runningTime": "2h 58m",
        "genre": ["Adventure", "Drama", "Fantasy"],
        "img": "https://raw.githubusercontent.com/mrspecht/media/main/img/the-fellowship-of-the-ring.jpg"
      },
      {
        "title": "No Time to Die",
        "year": 2021,
        "runningTime": "2h 43m",
        "genre": ["Action", "Adventure", "Thriller"],
        "img": "https://raw.githubusercontent.com/mrspecht/media/main/img/no-time-to-die.jpg"
      },
      {
        "title": "The Batman",
        "year": 2022,
        "runningTime": "2h 59m",
        "genre": ["Action", "Crime", "Drama"],
        "img": "https://raw.githubusercontent.com/mrspecht/media/main/img/the-batman.jpg"
      },
      
      {
        "title": "West Side Story",
        "year": 2021,
        "runningTime": "2h 36m",
        "genre": ["Musical", "Drama"],
        "img": "https://raw.githubusercontent.com/mrspecht/media/main/img/west-side-story.jpg"
      },
      {
        "title": "The Lion King",
        "year": 1994,
        "runningTime": "1h 28m",
        "genre": ["Animation", "Adventure", "Drama"],
        "img": "https://raw.githubusercontent.com/mrspecht/media/main/img/the-lion-king.jpg"
      },
      {
        "title": "Gone in 60 Seconds",
        "year": 2000,
        "runningTime": "1h 58m",
        "genre": ["Action", "Crime", "Thriller"],
        "img": "https://raw.githubusercontent.com/mrspecht/media/main/img/gone-in-60-seconds.jpg"
      },
      {
        "title": "Rocky",
        "year": 1976,
        "runningTime": "2h",
        "genre": ["Drama", "Sport"],
        "img": "https://raw.githubusercontent.com/mrspecht/media/main/img/rocky.jpg"
      },
      {
        "title": "The Exorcist",
        "year": 1973,
        "runningTime": "2h 20m",
        "genre": ["Horror"],
        "img": "https://raw.githubusercontent.com/mrspecht/media/main/img/the-exorcist.jpg"
      },
      {
        "title": "Titanic",
        "year": 1999,
        "runningTime": "3h 14m",
        "genre": ["Drama", "Romance"],
        "img": "https://raw.githubusercontent.com/mrspecht/media/main/img/titanic.jpg"
      },
      {
        "title": "The Remains of the Day",
        "year": 1993,
        "runningTime": "2h 14m",
        "genre": ["Drama", "Romance"],
        "img": "https://raw.githubusercontent.com/mrspecht/media/main/img/the-remains-of-the-day.jpg"
      },
      {
        "title": "The Godfather",
        "year": 1973,
        "runningTime": "2h 55m",
        "genre": ["Crime", "Drama"],
        "img": "https://raw.githubusercontent.com/mrspecht/media/main/img/the-godfather.jpg"
      }
      
    ]
  }